#,Date,Title (Hebrew),Title (English),YouTube Link
1,2-Jul-21,דבר תורה קצר לפרשת פינחס,A short Dvar Torah for Parshat Pinchas,https://www.youtube.com/watch?v=kR2wqRyXMjY
2,9-Jul-21,דבר תורה קצר לפרשת מטות מסעי,A short Dvar Torah for Parshat Matot Masai,https://www.youtube.com/watch?v=v1q7cTWmSUg
3,16-Jul-21,דבר תורה קצר לפרשת דברים,A short Dvar Torah for Parshat Devarim,https://www.youtube.com/watch?v=ZBg884ULKbI
4,23-Jul-21,דבר תורה קצר לפרשת ואתחנן,A short Dvar Torah for Parshat Vachanan,https://www.youtube.com/watch?v=nTXLK8eliv4
5,30-Jul-21,דבר תורה קצר לפרשת עקב,A short Dvar Torah for Parshat Eqab,https://www.youtube.com/watch?v=cOXnRJByLww
6,6-Aug-21,דבר תורה קצר לפרשת ראה,A short Dvar Torah for Parshat Vyerea,https://www.youtube.com/watch?v=hyEy_zyJahA
7,13-Aug-21,דבר תורה קצר לפרשת שופטים,A short Dvar Torah for Parshat Shoftim,https://www.youtube.com/watch?v=Ny2pvYtiR8I
8,20-Aug-21,דבר תורה קצר לפרשת כי תצא,A short Dvar Torah for Parshat Vyatze,https://www.youtube.com/watch?v=lLmuQUY7IqA
9,27-Aug-21,דבר תורה קצר לפרשת כי תבוא,A short Dvar Torah for Parshat Ki tavo,https://www.youtube.com/watch?v=EzhLbykb-mc
10,3-Sep-21,דבר תורה קצר לפרשת נצבים,A short Dvar Torah for Parshat Nitzivim,https://www.youtube.com/watch?v=IsOz3sXdTg4
11,10-Sep-21,דבר תורה קצר לפרשת וילך,A short Dvar Torah for Parshat Vyelech,https://www.youtube.com/watch?v=N0s74zftjFY
12,17-Sep-21,דבר תורה קצר לפרשת האזינו,A short Dvar Torah for Parshat Haazinu,https://www.youtube.com/watch?v=RqLijgnQeM0
13,27-Sep-21,דבר תורה קצר לפרשת וזאת הברכה,A short Dvar Torah for Parshat V'Zot HaBerachah,https://www.youtube.com/watch?v=BELd-L-IO0c
14,1-Oct-21,דבר תורה קצר לפרשת בראשית,A short Dvar Torah for Parshat Bereshit,https://www.youtube.com/watch?v=mIKcUh8sreg
15,8-Oct-21,דבר תורה קצר לפרשת נח,A short Dvar Torah for Parshat Noah,https://www.youtube.com/watch?v=HnKCkpAlMjw
16,14-Oct-21,דבר תורה קצר לפרשת לך לך,A short Dvar Torah for Parshat Lech Lecha,https://www.youtube.com/watch?v=sYeKHUi8jG0
17,21-Oct-21,דבר תורה קצר לפרשת וירא,A short Dvar Torah for Parashat vayera,https://www.youtube.com/watch?v=GKYWlzeND0o
18,29-Oct-21,דבר תורה קצר לפרשת חיי שרה,A short Dvar Torah for Parashat Chai Sarah,https://www.youtube.com/watch?v=xI9oHebM-nQ
19,5-Nov-21,דבר תורה קצר לפרשת תולדות,A short Dvar Torah for Parashat Toldot,https://www.youtube.com/watch?v=51z7BEL9lWo
20,12-Nov-21,דבר תורה קצר לפרשת ויצא,A short Dvar Torah for Parashat Vitza,https://www.youtube.com/watch?v=geigZkafFKM
21,18-Nov-21,דבר תורה קצר לפרשת וישלח,A short Dvar Torah for Parashat Wishelach,https://www.youtube.com/watch?v=FrjB9NBd5Dw
22,25-Nov-21,דבר תורה קצר לפרשת וישב,A short Dvar Torah for Parashat Vishv,https://www.youtube.com/watch?v=OF5eDzZo46E
23,3-Dec-21,דבר תורה קצר לפרשת מקץ,A short Dvar Torah for Parashat Meketz,https://www.youtube.com/watch?v=fXn9H3ayaSA
24,9-Dec-21,דבר תורה קצר לפרשת ויגש,A short Dvar Torah for Parashat vayigash,https://www.youtube.com/watch?v=v2oT4d_CW40
25,17-Dec-21,דבר תורה קצר לפרשת ויחי,A short Dvar Torah for Parashat Vayihyia,https://www.youtube.com/watch?v=qA_Lu3789Pw
26,23-Dec-21,דבר תורה קצר לפרשת שמות,A short Dvar Torah for Parashat Shemot,https://www.youtube.com/watch?v=B6NDvVgJ8uo
27,30-Dec-21,דבר תורה קצר לפרשת וארא,A short Dvar Torah for Parashat vaera,https://www.youtube.com/watch?v=YbAuUOPbCF4
28,6-Jan-22,דבר תורה קצר לפרשת בא,A short Dvar Torah for Parashat Bo,https://www.youtube.com/watch?v=kXR_nO9pbv8
29,14-Jan-22,דבר תורה קצר לפרשת בשלח,A short Dvar Torah for Parashat Beshalach,https://www.youtube.com/watch?v=1fZs7KPe92w
30,21-Jan-22,דבר תורה קצר לפרשת יתרו,A short Dvar Torah for Parashat Yitro,https://www.youtube.com/watch?v=kusIdY-BhgU
31,28-Jan-22,דבר תורה קצר לפרשת משפטים,A short Dvar Torah for Parashat Mishpatim,https://www.youtube.com/watch?v=I6KhqJ-HYdI
32,4-Feb-22,דבר תורה קצר לפרשת תרומה,A short Dvar Torah for Parashat Terumah,https://www.youtube.com/watch?v=rWm_giwHaBY
33,11-Feb-22,דבר תורה קצר לפרשת תצוה,A short Dvar Torah for Parashat Tetzaveh,https://www.youtube.com/watch?v=JoKT37xBwCI
34,18-Feb-22,דבר תורה קצר לפרשת כי תשא,A short Dvar Torah for Parashat Ki Tisa,https://www.youtube.com/watch?v=FQXqBWNJ7HA
35,24-Feb-22,דבר תורה קצר לפרשת ויקהל,A short Dvar Torah for Parashat Vayakhel,https://www.youtube.com/watch?v=e_GaQitp1Yo
36,4-Mar-22,דבר תורה קצר לפרשת פקודי,A short Dvar Torah for Parashat Pekudei,https://www.youtube.com/watch?v=EUdwhSDfwSU
37,10-Mar-22,דבר תורה קצר לפרשת ויקרא,A short Dvar Torah for Parashat Vayikra,https://www.youtube.com/watch?v=Rir5l0sekIk
38,18-Mar-22,דבר תורה קצר לפרשת צו,A short Dvar Torah for Parashat Tzav,https://www.youtube.com/watch?v=i4GlNJIY71Y
39,25-Mar-22,דבר תורה קצר לפרשת שמיני,A short Dvar Torah for Parashat Shemini,https://www.youtube.com/watch?v=7F39DOoG1t8
40,1-Apr-22,דבר תורה קצר לפרשת תזריע,A short Dvar Torah for Parashat Tazria,https://www.youtube.com/watch?v=pAY7XMD8Td0
41,8-Apr-22,דבר תורה קצר לפרשת מצורע,A short Dvar Torah for Parashat Metzora,https://www.youtube.com/watch?v=dMFfMKQws6w
42,28-Apr-22,דבר תורה קצר לפרשת אחרי מות,A short Dvar Torah for Parashat Acharei Mot,https://www.youtube.com/watch?v=j74m27A3f9M
43,28-Apr-22,דבר תורה קצר לפרשת קדושים,A short Dvar Torah for Parashat Kedoshim,https://www.youtube.com/watch?v=kojKdlY7tFI
44,6-May-22,דבר תורה קצר לפרשת אמור,A short Dvar Torah for Parashat Emor,https://www.youtube.com/watch?v=9YtHlQLWTX0
45,13-May-22,דבר תורה קצר לפרשת בהר,A short Dvar Torah for Parashat Behar,https://www.youtube.com/watch?v=qz_RoO308iw
46,20-May-22,דבר תורה קצר לפרשת בחוקותי,A short Dvar Torah for Parashat Bechukotai,https://www.youtube.com/watch?v=8IgHMOW3V60
47,26-May-22,דבר תורה קצר לפרשת במדבר,A short Dvar Torah for Parashat Bamidbar,https://www.youtube.com/watch?v=F5LzJQ3TECY
48,3-Jun-22,דבר תורה קצר לפרשת נשא,A short Dvar Torah for Parashat Naso,https://www.youtube.com/watch?v=8l9lCEFaX5g
49,10-Jun-22,דבר תורה קצר לפרשת בהעלותך,A short Torah verse for Parashat Behaalotecha,https://www.youtube.com/watch?v=N9ijeh6dvpU
50,16-Jun-22,דבר תורה קצר לפרשת שלח,A short Torah verse for Parashat Shelach,https://www.youtube.com/watch?v=YkqmnKRcrNE
51,24-Jun-22,דבר תורה קצר לפרשת קרח,A short Torah verse for Parashat Korach,https://www.youtube.com/watch?v=GEnJIFM2GaE
52,1-Jul-22,דבר תורה קצר לפרשת חקת,A short Torah verse for Parashat Chukat,https://www.youtube.com/watch?v=WEkkb9pxaeA
53,8-Jul-22,דבר תורה קצר לפרשת בלק,A short Torah verse for Parashat Balak,https://www.youtube.com/watch?v=HxSivwaTlak
54,15-Jul-22,דבר תורה קצר לפרשת פינחס,A short Torah verse for Parashat Pinchas,https://www.youtube.com/watch?v=r2JC_Y4IiiA
55,22-Jul-22,דבר תורה קצר לפרשת מטות,A short Torah verse for Parashat Matot,https://www.youtube.com/watch?v=xRtygqLgTf4
56,28-Jul-22,דבר תורה קצר לפרשת מסעי,A short Torah verse for Parashat Masei,https://www.youtube.com/watch?v=kuc3PMvWzL8
57,5-Aug-22,דבר תורה קצר לפרשת דברים,A short Torah verse for Parashat Devarim,https://www.youtube.com/watch?v=YMFQfDRmUSY
58,12-Aug-22,דבר תורה קצר לפרשת ואתחנן,A short Torah verse for Parashat Va'etchanan,https://www.youtube.com/watch?v=lldZYTNUsYg
59,19-Aug-22,דבר תורה קצר לפרשת עקב,A short Torah verse for Parashat Eikev,https://www.youtube.com/watch?v=veSHFGO-HWU
60,26-Aug-22,דבר תורה קצר לפרשת ראה,A short Torah verse for Parashat Re'eh,https://www.youtube.com/watch?v=4FqrNQZvL4I
61,1-Sep-22,דבר תורה קצר לפרשת שופטים,A short Torah verse for Parashat Shoftim,https://www.youtube.com/watch?v=nV9uXCo13GM
62,9-Sep-22,דבר תורה קצר לפרשת כי תצא,A short Torah verse for Parashat Ki Teitzei,https://www.youtube.com/watch?v=kmha7xTB_T0
63,15-Sep-22,דבר תורה קצר לפרשת כי תבוא,A short Torah verse for Parashat Ki Tavo,https://www.youtube.com/watch?v=l2jVzBBtOFY
64,23-Sep-22,דבר תורה קצר לפרשת נצבים,A short Torah verse for Parashat Nitzavim,https://www.youtube.com/watch?v=aAW4Nw2T3H0
65,29-Sep-22,דבר תורה קצר לפרשת וילך,A short Torah verse for Parashat Vayelech,https://www.youtube.com/watch?v=R5npQubrBXU
66,7-Oct-22,דבר תורה קצר לפרשת האזינו,A short Torah verse for Parashat Haazinu,https://www.youtube.com/watch?v=ulDNMo4HrRg
67,14-Oct-22,דבר תורה קצר לפרשת וזאת הברכה,A short Torah verse for Parashat V'Zot HaBerachah,https://www.youtube.com/watch?v=7ocCJVFCruM
68,20-Oct-22,דבר תורה קצר לפרשת בראשית,A short Torah verse for Parashat Bereshit,https://www.youtube.com/watch?v=2VjDDAn53pk
69,28-Oct-22,דבר תורה קצר לפרשת נח,A short Torah verse for Parashat Noach,https://www.youtube.com/watch?v=q7_MPT6UelE
70,3-Nov-22,דבר תורה קצר לפרשת לך לך,A short Torah verse for Parashat Lech Lecha,https://www.youtube.com/watch?v=VjPsU0pUVGA
71,10-Nov-22,דבר תורה קצר לפרשת וירא,A short Torah verse for Parashat Vayera,https://www.youtube.com/watch?v=IIbcxpsgmEg
72,17-Nov-22,דבר תורה קצר לפרשת חיי שרה,A short Torah verse for Parashat Chayei Sarah,https://www.youtube.com/watch?v=GipGntru5As
73,25-Nov-22,דבר תורה קצר לפרשת תולדות,A short Torah verse for Parashat Toldot,https://www.youtube.com/watch?v=ZBnQay9sFJg
74,2-Dec-22,דבר תורה קצר לפרשת ויצא,A short Torah verse for Parashat Vayetze,https://www.youtube.com/watch?v=utexfMzFcHA
75,9-Dec-22,דבר תורה קצר לפרשת וישלח,A short Torah verse for Parashat Vayishlach,https://www.youtube.com/watch?v=P6hN3fD25B4
76,15-Dec-22,דבר תורה קצר לפרשת וישב,A short Torah verse for Parashat Vayeshev,https://www.youtube.com/watch?v=x0bWJshvqq0
77,23-Dec-22,דבר תורה קצר לפרשת מקץ,A short Torah verse for Parashat Miketz,https://www.youtube.com/watch?v=z2WaAbj3uzo
78,30-Dec-22,דבר תורה קצר לפרשת ויגש,A short Torah verse for Parashat Vayigash,https://www.youtube.com/watch?v=5OLdCyY9SPw
79,6-Jan-23,דבר תורה קצר לפרשת ויחי,A short Dvar Torah for Parashat Vayechi,https://www.youtube.com/watch?v=Z-GdqqqaFbk
80,13-Jan-23,דבר תורה קצר לפרשת שמות,A short Dvar Torah for Parashat Shemot,https://www.youtube.com/watch?v=yybD8lCAGo0
81,20-Jan-23,דבר תורה קצר לפרשת וארא,A short Dvar Torah for Parashat Vaera,https://www.youtube.com/watch?v=Cwfxa2YLzU8
82,27-Jan-23,דבר תורה קצר לפרשת בא,A short Dvar Torah for Parashat Bo,https://www.youtube.com/watch?v=2I5DNapJnGA
83,2-Feb-23,דבר תורה קצר לפרשת בשלח,A short Dvar Torah for Parashat Beshalach,https://www.youtube.com/watch?v=b4VXn4XmASk
84,10-Feb-23,דבר תורה קצר לפרשת יתרו,A short Dvar Torah for Parashat Yitro,https://www.youtube.com/watch?v=wmZxuZRm-PU
85,17-Feb-23,דבר תורה קצר לפרשת משפטים,A short Dvar Torah for Parashat Mishpatim,https://www.youtube.com/watch?v=j3hs43PpxAk
86,23-Feb-23,דבר תורה קצר לפרשת תרומה,A short Dvar Torah for Parashat Terumah,https://www.youtube.com/watch?v=7Pv5h57xo-8
87,3-Mar-23,דבר תורה קצר לפרשת תצוה,A short Dvar Torah for Parashat Tetzaveh,https://www.youtube.com/watch?v=pyQQGPynHp8
88,10-Mar-23,דבר תורה קצר לפרשת כי תשא,A short Dvar Torah for Parashat Ki Tisa,https://www.youtube.com/watch?v=1mJ_ILU371c
89,17-Mar-23,דבר תורה קצר לפרשת ויקהל-פקודי,A short Dvar Torah for Parashat Vayakhel,https://www.youtube.com/watch?v=dAXXTNS4kwA
90,24-Mar-23,דבר תורה קצר לפרשת ויקרא,A short Dvar Torah for Parashat Vayikra,https://www.youtube.com/watch?v=aq7ftixZ-1Q
91,31-Mar-23,דבר תורה קצר לפרשת צו,A short Dvar Torah for Parashat Tzav,https://www.youtube.com/watch?v=s739DFa91nw
92,14-Apr-23,דבר תורה קצר לפרשת שמיני,A short Dvar Torah for Parashat Shmini,https://www.youtube.com/watch?v=cLJQRmSBwXA
93,21-Apr-23,דבר תורה קצר לפרשת תזריע-מצורע,A short Dvar Torah for Parashat Tazria - Metzora,https://www.youtube.com/watch?v=lb8MlCzHiBg
94,28-Apr-23,דבר תורה קצר לפרשת אחרי מות קדושים,A short Dvar Torah for Parashat Tazria,https://www.youtube.com/watch?v=cR6imXZakxU
95,5-May-23,דבר תורה קצר לפרשת אמור,A short Dvar Torah for Parashat Emor,https://www.youtube.com/watch?v=AJ3gACq-_wE
96,12-May-23,דבר תורה קצר לפרשת בהר בחוקותי,A short Dvar Torah for Parashat Behar,https://www.youtube.com/watch?v=KXo9wasmL3c
97,19-May-23,דבר תורה קצר לפרשת במדבר,A short Dvar Torah for Parashat Bamidbar,https://www.youtube.com/watch?v=2d2NyVxYWgQ
98,2-Jun-23,דבר תורה קצר לפרשת נשא,A short Dvar Torah for Parashat Nasso,https://www.youtube.com/watch?v=R-ea0wgW8wo
99,2-Jun-23,דבר תורה קצר לפרשת בהעלותך,A short Dvar Torah for Parashat Beha’alotcha,https://www.youtube.com/watch?v=-Czdz85-nr0
100,9-Jun-23,דבר תורה קצר לפרשת שלח לך,A short Dvar Torah for Parashat Sh’lach,https://www.youtube.com/watch?v=JRsyt5aFd_c
101,16-Jun-23,דבר תורה קצר לפרשת קרח,A short Dvar Torah for Parashat Korach,https://www.youtube.com/watch?v=ipWEDvq-ZcM
102,23-Jun-23,דבר תורה קצר לפרשת חקת,A short Dvar Torah for Parashat Chukat,https://www.youtube.com/watch?v=3lvVGLLcZSc
103,30-Jun-23,דבר תורה קצר לפרשת בלק,A short Dvar Torah for Parashat Balak,https://www.youtube.com/watch?v=HuNyH0tVGvA
104,6-Jul-23,דבר תורה קצר לפרשת פינחס,A short Dvar Torah for Parashat Pinchas,https://www.youtube.com/watch?v=BHpmWQKIWuM
105,14-Jul-23,דבר תורה קצר לפרשת מטות מסעי,A short Dvar Torah for Parashat Matot-Masei,https://www.youtube.com/watch?v=7dzFgbJbwS4
106,21-Jul-23,דבר תורה קצר לפרשת דברים,A short Dvar Torah for Parashat Devarim,https://www.youtube.com/watch?v=2HRm9whz9hk
107,28-Jul-23,דבר תורה קצר לפרשת ואתחנן,A short Dvar Torah for Parashat Vaetchanan,https://www.youtube.com/watch?v=tuOOqtt9e-k
108,4-Aug-23,דבר תורה קצר לפרשת עקב,A short Dvar Torah for Parashat Eikev,https://www.youtube.com/watch?v=Xjwg6CE45SU
109,11-Aug-23,דבר תורה קצר לפרשת ראה,A short Dvar Torah for Parashat Re’eh,https://www.youtube.com/watch?v=js11p5m8O0o
110,18-Aug-23,דבר תורה קצר לפרשת שופטים,A short Dvar Torah for Parashat Shoftim,https://www.youtube.com/watch?v=Xm6eXK2glEI
111,24-Aug-23,דבר תורה קצר לפרשת כי תצא,A short Dvar Torah for Parashat Ki Teitzei,https://www.youtube.com/watch?v=TQhofkdtp00
112,1-Sep-23,דבר תורה קצר לפרשת כי תבוא,A short Dvar Torah for Parashat Ki Tavo,https://www.youtube.com/watch?v=q38GcCvEPR0
113,8-Sep-23,דבר תורה קצר לפרשת נצבים וילך,A short Dvar Torah for Parashat Nitzavim-Vayeilech,https://www.youtube.com/watch?v=LGVctIwLQ70
114,15-Sep-23,דבר תורה קצר לשבת וראש השנה,A short Dvar Torah for Parashat shabat and Rosh Hshana,https://www.youtube.com/watch?v=nJz5Mg2HBRA
115,22-Sep-23,דבר תורה קצר לפרשת האזינו,A short Dvar Torah for Parashat Ha’azinu,https://www.youtube.com/watch?v=Qd56LMFPpgo
116,28-Sep-23,דבר תורה קצר לשבת וחג הסוכות,A short Dvar Torah for Parashat shabat and sukkot holiday,https://www.youtube.com/watch?v=R16f_q6FNaM
117,5-Oct-23,דבר תורה קצר לפרשת וזאת הברכה,A short Dvar Torah for Parashat Vezot Haberakhah,https://www.youtube.com/watch?v=spuogc-1mBM
118,13-Oct-23,"דבר תורה קצר לפרשת בראשית התשפ""ד",A short Dvar Torah for Parashat Bereshit,https://www.youtube.com/watch?v=kTajBKM_XjE
119,20-Oct-23,"דבר תורה קצר לפרשת נח התשפ""ד",A short Dvar Torah for Parashat Noach,https://www.youtube.com/watch?v=JWT18Q1hT60
120,27-Oct-23,"דבר תורה קצר לפרשת לך לך התשפ""ד",A short Dvar Torah for Parashat Lech-Lecha,https://www.youtube.com/watch?v=Xnv6GYOq1dU
121,2-Nov-23,"דבר תורה קצר לפרשת וירא התשפ""ד",A short Dvar Torah for Parashat Vayera,https://www.youtube.com/watch?v=aPF0LS5QEsE
122,10-Nov-23,"דבר תורה קצר לפרשת חיי שרה התשפ""ד",A short Dvar Torah for Parashat Chayei Sara,https://www.youtube.com/watch?v=qWfEkZbJ5oo
123,16-Nov-23,"דבר תורה קצר לפרשת תולדות התשפ""ד",A short Dvar Torah for Parashat Toldot,https://www.youtube.com/watch?v=_hIAY4h0POU
124,24-Nov-23,"דבר תורה קצר לפרשת ויצא התשפ""ד",A short Dvar Torah for Parashat Vayetzei,https://www.youtube.com/watch?v=OvweD-3L22g
125,1-Dec-23,"דבר תורה קצר לפרשת וישלח התשפ""ד",A short Dvar Torah for Parashat Vayishlach,https://www.youtube.com/watch?v=vHly81WSneg
126,7-Dec-23,"דבר תורה קצר לפרשת וישב התשפ""ד",A short Dvar Torah for Parashat Vayeshev,https://www.youtube.com/watch?v=_V__00r8iQ8
127,14-Dec-23,"דבר תורה קצר לפרשת מקץ התשפ""ד",A short Dvar Torah for Parashat Miketz,https://www.youtube.com/watch?v=ogcHy25sf00
128,21-Dec-23,"דבר תורה קצר לפרשת ויגש התשפ""ד",A short Dvar Torah for Parashat Vayigash,https://www.youtube.com/watch?v=qkZrglIQZoc
129,29-Dec-23,"דבר תורה קצר לפרשת ויחי התשפ""ד",A short Dvar Torah for Parashat Vayechi,https://www.youtube.com/watch?v=0JEyKlVdV5Q
130,5-Jan-24,"דבר תורה קצר לפרשת שמות התשפ""ד",A short Dvar Torah for Parashat Shemot,https://www.youtube.com/watch?v=Ggrq1cjyvjg
131,11-Jan-24,"דבר תורה קצר לפרשת וארא התשפ""ד",A short Dvar Torah for Parashat Vaera,https://www.youtube.com/watch?v=uauDkyRI0Rc
132,19-Jan-24,"דבר תורה קצר לפרשת בא התשפ""ד",A short Dvar Torah for Parashat Bo,https://www.youtube.com/watch?v=a8V8dG1c8_U
133,26-Jan-24,"דבר תורה קצר לפרשת בשלח התשפ""ד",A short Dvar Torah for Parashat Beshalach,https://www.youtube.com/watch?v=sMPkZD_cBNQ
134,2-Feb-24,"דבר תורה קצר לפרשת יתרו התשפ""ד",A short Dvar Torah for Parashat Yitro,https://www.youtube.com/watch?v=tJdFAhmouiY
135,8-Feb-24,"דבר תורה קצר לפרשת משפטים התשפ""ד",A short Dvar Torah for Parashat Mishpatim,https://www.youtube.com/watch?v=IV6DUOzJw9s
136,15-Feb-24,"דבר תורה קצר לפרשת תרומה התשפ""ד",A short Dvar Torah for Parashat Terumah,https://www.youtube.com/watch?v=6uf-OWs-iRA
137,23-Feb-24,"דבר תורה קצר לפרשת תצוה התשפ""ד",A short Dvar Torah for Parashat Tetzaveh,https://www.youtube.com/watch?v=E6za6ferbVw
138,29-Feb-24,"דבר תורה קצר לפרשת כי תשא התשפ""ד",A short Dvar Torah for Parashat Ki Tisa,https://www.youtube.com/watch?v=XY5JJvR7Rsk
139,8-Mar-24,"דבר תורה קצר לפרשת ויקהל התשפ""ד",A short Dvar Torah for Parashat Vayakhel,https://www.youtube.com/watch?v=tXsWSbBeI1Q
140,15-Mar-24,"דבר תורה קצר לפרשת פקודי התשפ""ד",A short Dvar Torah for Parashat Pekudei,https://www.youtube.com/watch?v=ysCon_JeDb0
141,22-Mar-24,"דבר תורה קצר לפרשת ויקרא התשפ""ד",A short Dvar Torah for Parashat Vayikra,https://www.youtube.com/watch?v=mYJIHZaeAZs
142,29-Mar-24,"דבר תורה קצר לפרשת צו התשפ""ד",A short Dvar Torah for Parashat Tzav,https://www.youtube.com/watch?v=pcyR3HlRAZc
143,5-Apr-24,"דבר תורה קצר לפרשת שמיני התשפ""ד",A short Dvar Torah for Parashat Shmini,https://www.youtube.com/watch?v=NU3-5gL8VvI
144,12-Apr-24,"דבר תורה קצר לפרשת תזריע התשפ""ד",A short Dvar Torah for Parashat Tazria,https://www.youtube.com/watch?v=CD4dL0nt890
145,19-Apr-24,"דבר תורה קצר לפרשת מצורע התשפ""ד",A short Dvar Torah for Parashat Metzora,https://www.youtube.com/watch?v=dvUKbJu0CNY
146,2-May-24,"דבר תורה קצר לפרשת אחרי מות התשפ""ד",A short Dvar Torah for Parashat Achrei Mot,https://www.youtube.com/watch?v=9T6pl27AUAE
147,10-May-24,"דבר תורה קצר לפרשת קדושים התשפ""ד",A short Dvar Torah for Parashat Kedoshim,https://www.youtube.com/watch?v=zd7SfhQsnMA
148,17-May-24,"דבר תורה קצר לפרשת אמור התשפ""ד",A short Dvar Torah for Parashat Emor,https://www.youtube.com/watch?v=Z6GHy2Cry-4
149,24-May-24,"דבר תורה קצר לפרשת בהר התשפ""ד",A short Dvar Torah for Parashat Behar,https://www.youtube.com/watch?v=V8_XOWJVQV8
150,30-May-24,"דבר תורה קצר לפרשת בחוקותי התשפ""ד",A short Dvar Torah for Parashat Bechukotai,https://www.youtube.com/watch?v=hw1zXA0XQ-w
151,7-Jun-24,"דבר תורה קצר לפרשת במדבר התשפ""ד",A short Dvar Torah for Parashat Bamidbar,https://www.youtube.com/watch?v=dJZlAa6T1Ko
152,14-Jun-24,"דבר תורה קצר לפרשת נשא התשפ""ד",A short Dvar Torah for Parashat Nasso,https://www.youtube.com/watch?v=LBXlDbSPGmg
153,21-Jun-24,"דבר תורה קצר לפרשת בהעלותך התשפ""ד",A short Dvar Torah for Parashat Beha’alotcha,https://www.youtube.com/watch?v=DhQMWFo1O04
154,28-Jun-24,"דבר תורה קצר לפרשת שלח התשפ""ד",A short Dvar Torah for Parashat Sh’lach,https://www.youtube.com/watch?v=eAQ4f-_C_XE
155,5-Jul-24,"דבר תורה קצר לפרשת קרח התשפ""ד",A short Dvar Torah for Parashat Korach,https://www.youtube.com/watch?v=X3GP--Q5TbM
156,12-Jul-24,"דבר תורה קצר לפרשת חקת התשפ""ד",A short Dvar Torah for Parashat Chukat,https://www.youtube.com/watch?v=dSSGZM0tTdY
157,19-Jul-24,"דבר תורה קצר לפרשת בלק התשפ""ד",A short Dvar Torah for Parashat Balak,https://www.youtube.com/watch?v=1o6OJuLwVpA
158,26-Jul-24,"דבר תורה קצר לפרשת פינחס התשפ""ד",A short Dvar Torah for Parashat Pinchas,https://www.youtube.com/watch?v=LZHgQ_HzBWs
159,2-Aug-24,"דבר תורה קצר לפרשת מטות מסעי התשפ""ד",A short Dvar Torah for Parashat Matot - Masei,https://www.youtube.com/watch?v=JMeAHfWPM6g
160,9-Aug-24,"דבר תורה קצר לפרשת דברים התשפ""ד",A short Dvar Torah for Parashat Devarim,https://www.youtube.com/watch?v=hGVRZsBlPPI
161,16-Aug-24,"דבר תורה קצר לפרשת ואתחנן התשפ""ד",A short Dvar Torah for Parashat Vaetchanan,https://www.youtube.com/watch?v=Xm00y2aSqts
162,23-Aug-24,"דבר תורה קצר לפרשת עקב התשפ""ד",A short Dvar Torah for Parashat Eikev,https://www.youtube.com/watch?v=9QHE--2yDtg
163,30-Aug-24,"דבר תורה קצר לפרשת ראה התשפ""ד",A short Dvar Torah for Parashat Re’eh,https://www.youtube.com/watch?v=KxUb341M8Uw
164,6-Sep-24,"דבר תורה קצר לפרשת שופטים התשפ""ד",A short Dvar Torah for Parashat Shoftim,https://www.youtube.com/watch?v=YcDnA-qgn5g
165,13-Sep-24,"דבר תורה קצר לפרשת כי תצא התשפ""ד",A short Dvar Torah for Parashat Ki Teitzei,https://www.youtube.com/watch?v=t8Fu9zm5ahk
166,20-Sep-24,"דבר תורה קצר לפרשת כי תבוא התשפ""ד",A short Dvar Torah for Parashat Ki Tavo,https://www.youtube.com/watch?v=kIGDlWY-PJE
167,27-Sep-24,"דבר תורה קצר לפרשת נצבים-וילך התשפ""ד",A short Dvar Torah for Parashat Nitzavim-Vayeilech,https://www.youtube.com/watch?v=syUmvyiO5rY
168,2-Oct-24,"דבר תורה קצר לפרשת האזינו התשפ""ה",A short Dvar Torah for Parashat Ha’azinu,https://www.youtube.com/watch?v=WS1SQHzbsHg
169,23-Oct-24,"דבר תורה קצר לפרשת וזאת הברכה התשפ""ה",A short Dvar Torah for Parashat Vezot Haberakhah,https://www.youtube.com/watch?v=UtdUH6nGBP4
170,23-Oct-24,"דבר תורה קצר לפרשת בראשית התשפ""ה",A short Dvar Torah for Parashat Bereshit,https://www.youtube.com/watch?v=IS1Qz26HbmI
171,1-Nov-24,"דבר תורה קצר לפרשת נח התשפ""ה",A short Dvar Torah for Parashat Noach,https://www.youtube.com/watch?v=71xdXFw3NFU
172,8-Nov-24,"דבר תורה קצר לפרשת לך לך התשפ""ה",A short Dvar Torah for Parashat Lech-Lecha,https://www.youtube.com/watch?v=LcxWFK2tKgo
173,15-Nov-24,"דבר תורה קצר לפרשת וירא התשפ""ה",A short Dvar Torah for Parashat Vayera,https://www.youtube.com/watch?v=33KpoNIzcGQ
174,22-Nov-24,דבר תורה קצר לפרשת חיי שרה התשפ״ה,A short Dvar Torah for Parashat Chayei Sara,https://www.youtube.com/watch?v=-ZY70QoIohM
175,29-Nov-24,דבר תורה קצר לפרשת תולדות התשפ״ה,A short Dvar Torah for Parashat Toldot,https://www.youtube.com/watch?v=gau-RD_K_SE
176,6-Dec-24,"דבר תורה קצר לפרשת ויצא התשפ""ה",A short Dvar Torah for Parashat Vayetzei,https://www.youtube.com/watch?v=MgEm6oKnNdE
177,13-Dec-24,"דבר תורה קצר לפרשת וישלח התשפ""ה",A short Dvar Torah for Parashat Vayishlach,https://www.youtube.com/watch?v=7h0Iwy3idac
178,20-Dec-24,"דבר תורה קצר לפרשת וישב התשפ""ה",A short Dvar Torah for Parashat Vayeshev,https://www.youtube.com/watch?v=Epy70JDOi48
179,27-Dec-24,"דבר תורה קצר לפרשת מקץ התשפ""ה",A short Dvar Torah for Parashat Miketz,https://www.youtube.com/watch?v=jrl3gDAHE9A
180,3-Jan-25,"דבר תורה קצר לפרשת ויגש התשפ""ה",A short Dvar Torah for Parashat Vayigash,https://www.youtube.com/watch?v=l_cH-DTcxTo
181,10-Jan-25,"דבר תורה קצר לפרשת ויחי התשפ""ה",A short Dvar Torah for Parashat Vayechi,https://www.youtube.com/watch?v=d8bBQBT3SIE
182,17-Jan-25,דבר תורה קצר לפרשת שמות התשפ״ה,A short Dvar Torah for Parashat Shemot,https://www.youtube.com/watch?v=Dj-ndJDDR8w
183,24-Jan-25,דבר תורה קצר לפרשת וארא התשפ״ה,A short Dvar Torah for Parashat Vaera,https://www.youtube.com/watch?v=GYWUKdfhUI0
184,31-Jan-25,"דבר תורה קצר לפרשת בא התשפ""ה",A short Dvar Torah for Parashat Bo,https://www.youtube.com/watch?v=qfhWAyIT58w
185,7-Feb-25,דבר תורה קצר לפרשת בשלח התשפ״ה,A short Dvar Torah for Parashat Beshalach,https://www.youtube.com/watch?v=_WPiDlqYEv4
186,14-Feb-25,"דבר תורה קצר לפרשת יתרו התשפ""ה",A short Dvar Torah for Parashat Yitro,https://www.youtube.com/watch?v=NgF9EQkzFtY
187,21-Feb-25,דבר תורה קצר לפרשת משפטים התשפ״ה,A short Dvar Torah for Parashat Mishpatim,https://www.youtube.com/watch?v=Jp8R_-Q2jBc
188,28-Feb-25,דבר תורה קצר לפרשת תרומה התשפ״ה,A short Dvar Torah for Parashat Terumah,https://www.youtube.com/watch?v=J6REHTE2MuU
189,7-Mar-25,דבר תורה קצר לפרשת תצוה התשפ״ה,A short Dvar Torah for Parashat Tetzaveh,https://www.youtube.com/watch?v=zT13vylD4oc
190,14-Mar-25,דבר תורה קצר לפרשת כי תשא התשפ״ה,A short Dvar Torah for Parashat Ki Tisa,https://www.youtube.com/watch?v=YxNjRd1cuq4
191,21-Mar-25,דבר תורה קצר לפרשת ויקהל התשפ״ה,A short Dvar Torah for Parashat Vayakhel,https://www.youtube.com/watch?v=5HWp2GNtzhA
192,28-Mar-25,דבר תורה קצר לפרשת פקודי התשפ״ה,A short Dvar Torah for Parashat Pekudei,https://www.youtube.com/watch?v=MVBM6tzZFrk
193,4-Apr-25,דבר תורה קצר לפרשת ויקרא התשפ״ה,A short Dvar Torah for Parashat Vayikra,https://www.youtube.com/watch?v=BVL_XQAefk8
194,11-Sep-25,דבר תורה קצר לפרשת צו התשפ״ה,A short Dvar Torah for Parashat Tzav,https://www.youtube.com/watch?v=vRZXygDpHfM
195,25-Apr-25,דבר תורה קצר לפרשת שמיני התשפ״ה,A short Dvar Torah for Parashat Shmini,https://www.youtube.com/watch?v=XDh6bEfPfX0
196,2-May-25,דבר תורה קצר לפרשת תזריע-מצורע התשפ״ה,A short Dvar Torah for Parashat Tazria-Metzora,https://www.youtube.com/watch?v=Z57qknQVaIQ
197,9-May-25,דבר תורה קצר לפרשת אחרי מות-קדושים התשפ״ה,A short Dvar Torah for Parashat Achrei Mot-Kedoshim,https://www.youtube.com/watch?v=2LPz8mWRdbA
198,16-May-25,דבר תורה קצר לפרשת אמור התשפ״ה,A short Dvar Torah for Parashat Emor,https://www.youtube.com/watch?v=l508bFvkZXM
199,23-May-25,דבר תורה קצר לפרשת בהר-בחוקותי התשפ״ה,A short Dvar Torah for Parashat Behar - Bechukotai,https://www.youtube.com/watch?v=Av-EmVm2m_U
200,30-May-25,דבר תורה קצר לפרשת במדבר התשפ״ה,A short Dvar Torah for Parashat Bamidbar,https://www.youtube.com/watch?v=6YI_U_ImAzs
201,6-Jun-25,דבר תורה קצר לפרשת נשא התשפ״ה,A short Dvar Torah for Parashat Nasso,https://www.youtube.com/watch?v=SSPCaAdzghE
202,13-Jun-25,דבר תורה קצר לפרשת בהעלותך התשפ״ה,A short Dvar Torah for Parashat Beha’alotcha,https://www.youtube.com/watch?v=xm0Ov5rj6SI
203,20-Jun-25,דבר תורה קצר לפרשת שלח התשפ״ה,A short Dvar Torah for Parashat Sh’lach,https://www.youtube.com/watch?v=BWFlZrFNco0
204,27-Jun-25,דבר תורה קצר לפרשת קורח התשפ״ה,A short Dvar Torah for Parashat Korach,https://www.youtube.com/watch?v=eWQChVPToZA
205,4-Jul-25,דבר תורה קצר לפרשת חקת התשפ״ה,A short Dvar Torah for Parashat Chukat,https://www.youtube.com/watch?v=JUZXTMrnYcE
206,11-Jul-25,דבר תורה קצר לפרשת בלק התשפ״ה,A short Dvar Torah for Parashat Balak,https://www.youtube.com/watch?v=Wjkk0OiVsfs
207,18-Jul-25,דבר תורה קצר לפרשת פינחס התשפ״ה,A short Dvar Torah for Parashat Pinchas,https://www.youtube.com/watch?v=djyrIodmtrU
208,25-Jul-25,דבר תורה קצר לפרשת מטות מסעי התשפ״ה,A short Dvar Torah for Parashat Matot - Masei,https://www.youtube.com/watch?v=EOuwnrmkKlg
209,1-Aug-25,דבר תורה קצר לפרשת דברים התשפ״ה,A short Dvar Torah for Parashat Devarim,https://www.youtube.com/watch?v=9aHAzKc_3oE
210,8-Aug-25,דבר תורה קצר לפרשת ואתחנן התשפ״ה,A short Dvar Torah for Parashat Vaetchanan,https://www.youtube.com/watch?v=KCHl1X_Kcoc
211,15-Aug-25,"דבר תורה קצר לפרשת עקב התשפ""ה",A short Dvar Torah for Parashat Eikev,https://www.youtube.com/watch?v=BDS-GNJSKF8
212,22-Aug-25,"דבר תורה קצר לפרשת ראה התשפ""ה",A short Dvar Torah for Parashat Re’eh,https://www.youtube.com/watch?v=u6QNH-lK40U
213,29-Aug-25,"דבר תורה קצר לפרשת שופטים התשפ""ה",A short Dvar Torah for Parashat Shoftim,https://www.youtube.com/watch?v=ptZ1PZb85ec
214,5-Sep-25,"דבר תורה קצר לפרשת כי תצא התשפ""ה",A short Dvar Torah for Parashat Ki Teitzei,https://www.youtube.com/watch?v=S7nzd2xN8rY
215,12-Sep-25,"דבר תורה קצר לפרשת כי תבוא התשפ""ה",A short Dvar Torah for Parashat Ki Tavo,https://www.youtube.com/watch?v=KmGy6Vq5HOk
216,19-Sep-25,"דבר תורה קצר לפרשת נצבים התשפ""ה",A short Dvar Torah for Parashat Nitzavim,https://www.youtube.com/watch?v=xYViIt8a9cM
217,26-Sep-25,דבר תורה קצר לפרשת וילך התשפ״ו,A short Dvar Torah for Parashat Vayeilech,https://www.youtube.com/watch?v=uKJatOuehWk
218,3-Oct-25,"דבר תורה קצר לפרשת האזינו התשפ""ו",A short Dvar Torah for Parashat Ha’azinu,https://www.youtube.com/watch?v=rwoPQqJebDQ
219,17-Oct-25,"דבר תורה קצר לפרשת בראשית התשפ""ו",A short Dvar Torah for Parashat Bereshit,https://www.youtube.com/watch?v=U6JH8bANkFY
220,24-Oct-25,"דבר תורה קצר לפרשת נח התשפ""ו",A short Dvar Torah for Parashat Noach,https://www.youtube.com/watch?v=uVp0NghTkCE&amp;t=1s
221,31-Oct-25,"דבר תורה קצר לפרשת לך לך התשפ""ו",A short Dvar Torah for Parashat Lech-Lecha,https://www.youtube.com/watch?v=49RdjejTZzo
222,7-Nov-25,"דבר תורה קצר לפרשת וירא התשפ""ו",A short Dvar Torah for Parashat Vayera,https://www.youtube.com/watch?v=aki9fq988Ok
223,14-Nov-25,דבר תורה קצר לפרשת חיי שרה,A short Torah commentary on the life of Sarah 5775,https://www.youtube.com/watch?v=8tk3dLDaJk4
224,21-Nov-25,"דבר תורה קצר לפרשת תולדות התשפ""ו",A short Dvar Torah for Parashat Toledot,https://www.youtube.com/watch?v=LPeN9K-Y2RI
225,28-Nov-25,"דבר תורה קצר לפרשת ויצא התשפ""ו",A short Dvar Torah for Parashat Vayetzei,https://www.youtube.com/watch?v=vsbHoiSqo_Y
226,5-Dec-25,"דבר תורה קצר לפרשת וישלח התשפ""ו",A short Dvar Torah for Parashat Vayishlach,https://www.youtube.com/watch?v=KiTY0M3Mh7U
227,12-Dec-25,"דבר תורה קצר לפרשת וישב התשפ""ו",A short Dvar Torah for Parashat Vayeshev,https://www.youtube.com/watch?v=l6gozJWip34
228,19-Dec-25,"דבר תורה קצר לפרשת מקץ התשפ""ו",A short Dvar Torah for Parashat Miketz,https://www.youtube.com/watch?v=9tTU-GP4sMs
229,26-Dec-25,"דבר תורה קצר לפרשת ויגש התשפ""ו",A short Dvar Torah for Parashat Vayigash,https://www.youtube.com/watch?v=wBP1IbTzR44
230,2-Jan-26,"דבר תורה קצר לפרשת ויחי התשפ""ו",A short Dvar Torah for Parashat Vayechi,https://www.youtube.com/watch?v=tOVAFWHxF3c
231,9-Jan-26,"דבר תורה קצר לפרשת שמות התשפ""ו",A short Dvar Torah for Parashat Shemot,https://www.youtube.com/watch?v=nPFQR9CPA8E
232,16-Jan-26,"דבר תורה קצר לפרשת וארא התשפ""ו",A short Dvar Torah for Parashat Vaera,https://www.youtube.com/watch?v=6qPbsnV7Fns
233,23-Jan-26,"דבר תורה קצר לפרשת בא התשפ""ו",A short Dvar Torah for Parashat Bo,https://www.youtube.com/watch?v=YdrF5Wzru-g
234,30-Jan-26,"דבר תורה קצר לפרשת בשלח התשפ""ו",A short Dvar Torah for Parashat Beshalach,https://www.youtube.com/watch?v=nAs4Ytg4kgY
235,6-Feb-26,דבר תורה קצר לפרשת יתרו התשפ״ו,A short Dvar Torah for Parashat Yitro,https://www.youtube.com/watch?v=z1-u_nfSJEI
236,13-Feb-26,דבר תורה קצר לפרשת משפטים התשפ״ו,A short Dvar Torah for Parashat Mishpatim,https://www.youtube.com/watch?v=ab49UY9g3tk
237,20-Feb-26,"דבר תורה קצר לפרשת תרומה התשפ""ו",A short Dvar Torah for Parashat Terumah,https://www.youtube.com/watch?v=j7b8ivo-B5A
238,27-Feb-26,"דבר תורה קצר לפרשת תצוה התשפ""ו",A short Dvar Torah for Parashat Tetzaveh,https://www.youtube.com/watch?v=zkxzr0c6vq8
239,6-Mar-26,דבר תורה קצר לפרשת כי תשא התשפ״ו,A short Dvar Torah for Parashat Ki Tisa,https://www.youtube.com/watch?v=nJDkRZ_fbLk
240,13-Mar-26,"דבר תורה קצר לפרשת ויקהל- פקודי התשפ""ו",A short Dvar Torah for Parashat Vayakhel-Pekudei,https://www.youtube.com/watch?v=-0uVuYeTcAg
241,20-Mar-26,דבר תורה קצר לפרשת ויקרא התשפ״ו,A short Dvar Torah for Parashat Vayikra,https://www.youtube.com/watch?v=8S1bAAu1nYM
242,27-Mar-26,דבר תורה קצר לפרשת צו התשפ״ו,A short Dvar Torah for Parashat Tzav,https://www.youtube.com/watch?v=GknwJLhxARs
243,10-Apr-26,דבר תורה קצר לפרשת שמיני התשפ״ו,A short Dvar Torah for Parashat Shmini,https://www.youtube.com/watch?v=adHxpkDv5PM
244,17-Apr-26,דבר תורה קצר לפרשת תזריע-מצורע התשפ״ו,A short Dvar Torah for Parashat Tazria-Metzora,https://www.youtube.com/watch?v=YmKnz0tESZg
245,24-Apr-26,דבר תורה קצר לפרשת אחרי מות קדושים התשפ”ו,A short Dvar Torah for Parashat Achrei Mot-Kedoshim,https://www.youtube.com/watch?v=Q6lh_ogwtwo
246,1-May-26,דבר תורה קצר לפרשת אמור התשפ״ו,A short Dvar Torah for Parashat Emor,https://www.youtube.com/watch?v=Uv2cbaqTQyM
247,8-May-26,דבר תורה קצר לפרשת בהר-בחוקותי התשפ״ו,A short Dvar Torah for Parashat Behar - Bechukotai,https://www.youtube.com/watch?v=udOMr01KToo
248,15-May-26,דבר תורה קצר לפרשת במדבר התשפ״ו,A short Dvar Torah for Parashat Bamidbar,https://www.youtube.com/watch?v=uhZZR7x4OsQ
249,29-May-26,דבר תורה קצר לפרשת נשא התשפ״ו,A short Dvar Torah for Parashat Nasso,https://www.youtube.com/watch?v=2EXklQcARG0
250,29-May-26,דבר תורה קצר לפרשת בהעלותך התשפ״ו,A short Dvar Torah for Parashat Beha’alotcha,https://www.youtube.com/watch?v=nhpdKcRHh6w
251,5-Jun-26,דבר תורה קצר לפרשת שלח לך התשפ״ו,A short Dvar Torah for Parashat Sh’lach,https://www.youtube.com/watch?v=AtX4Ip4ZJ9w
252,12-Jun-26,דבר תורה קצר לפרשת קורח התשפ״ו,A short Dvar Torah for Parashat Korach,https://www.youtube.com/watch?v=cnDk3GOPFF8
253,19-Jun-26,דבר תורה קצר לפרשת חקת התשפ״ו,A short Dvar Torah for Parashat Chukat,https://www.youtube.com/watch?v=-Ag0YXeCJbk
